steps,time,reward,delta,converged
1,0.0013988331890573136,255.0,125.25,False
2,0.0015511639018512824,255.0,0,True
