steps,time,reward,delta,converged
1,0.006372501485401472,133.19678222122207,144.84552956051914,False
2,0.006799521145580911,671.1375038418265,26.243838900488374,False
3,0.008502310525457801,711.8181380586459,0.27579550062630376,False
4,0.006551631119890544,712.1005471932526,0.11031710034482867,False
5,0.007421890840234369,712.213506439286,0.044125739641141415,False
6,0.0073781662837859585,712.2586857152453,0.017649193881922765,False
7,0.008030861074040274,712.2767529940518,0.007058571883876041,False
8,0.007192689536260843,712.2795753232938,2.7487790816849156e-06,True
