steps,time,reward,delta,converged
1,0.004567453062217286,0.7024544846453958,0.08552639192103956,False
2,0.004743409140195443,0.7155793900139884,1.5379515317770053e-07,True
