steps,time,reward,delta,converged
1,0.007274849388296981,0.6666666666666666,0.08333333333333331,False
2,0.006556215145974785,0.6666666666666666,0,True
