steps,time,reward,delta,converged
1,0.024876804299111654,0.6666666666666666,0.08333333333333331,False
2,0.022889452684918155,0.6666666666666666,0,True
