steps,time,reward,delta,converged
1,0.029124786005322534,0.7119291159381052,0.08558001536336268,False
2,0.038074567999618836,0.7287402049508882,1.8085657674132182e-07,True
