steps,time,reward,delta,converged
1,0.0005483200425970836,255.0,100.0,False
2,0.0004647497209901985,255.0,0,True
