steps,time,reward,delta,converged
1,0.0009869760766747504,0.6666666666666666,0.3333333333333333,False
2,0.0008349979812720676,0.8562962962962963,0.0503703703703704,False
3,0.0011170918938461227,0.9179522633744855,0.013432098765432103,False
4,0.0007891577204759415,0.9371814101508915,0.0032834019204389525,False
5,0.0008822487116191269,0.9432633718681094,0.0008615272062185639,False
6,0.0011065133721359643,0.9451917087820263,0.00024280916526952384,False
7,0.0008057307378379619,0.9457976527513499,6.528406225338331e-05,False
8,0.0008131357030407571,0.9459893662660174,1.9464249096023825e-05,False
9,0.0008223037551999823,0.9460506419075807,5.453595245010065e-06,True
