steps,time,reward,delta,converged
1,0.001134722763396212,0.6666666666666666,0.3333333333333333,False
2,0.0008258299290986315,0.6666666666666666,0,True
