steps,time,reward,delta,converged
1,0.0055576026954042845,0.6666666666666666,0.3333333333333333,False
2,0.005585459469273246,0.6666666666666666,0,True
